11129,https://estudioadb.com/hc/index.php/hClinica/verHClinica/11129
11128,https://estudioadb.com/hc/index.php/hClinica/verHClinica/11128
11127,https://estudioadb.com/hc/index.php/hClinica/verHClinica/11127
11126,https://estudioadb.com/hc/index.php/hClinica/verHClinica/11126
11125,https://estudioadb.com/hc/index.php/hClinica/verHClinica/11125
11124,https://estudioadb.com/hc/index.php/hClinica/verHClinica/11124
11123,https://estudioadb.com/hc/index.php/hClinica/verHClinica/11123
11122,https://estudioadb.com/hc/index.php/hClinica/verHClinica/11122
11121,https://estudioadb.com/hc/index.php/hClinica/verHClinica/11121
11120,https://estudioadb.com/hc/index.php/hClinica/verHClinica/11120
11119,https://estudioadb.com/hc/index.php/hClinica/verHClinica/11119
11118,https://estudioadb.com/hc/index.php/hClinica/verHClinica/11118
11117,https://estudioadb.com/hc/index.php/hClinica/verHClinica/11117
11116,https://estudioadb.com/hc/index.php/hClinica/verHClinica/11116
11115,https://estudioadb.com/hc/index.php/hClinica/verHClinica/11115
11114,https://estudioadb.com/hc/index.php/hClinica/verHClinica/11114
11113,https://estudioadb.com/hc/index.php/hClinica/verHClinica/11113
11112,https://estudioadb.com/hc/index.php/hClinica/verHClinica/11112
11111,https://estudioadb.com/hc/index.php/hClinica/verHClinica/11111
11110,https://estudioadb.com/hc/index.php/hClinica/verHClinica/11110
11129,https://estudioadb.com/hc/index.php/hClinica/verHClinica/11129
11128,https://estudioadb.com/hc/index.php/hClinica/verHClinica/11128
11127,https://estudioadb.com/hc/index.php/hClinica/verHClinica/11127
11126,https://estudioadb.com/hc/index.php/hClinica/verHClinica/11126
11125,https://estudioadb.com/hc/index.php/hClinica/verHClinica/11125
11124,https://estudioadb.com/hc/index.php/hClinica/verHClinica/11124
11123,https://estudioadb.com/hc/index.php/hClinica/verHClinica/11123
11122,https://estudioadb.com/hc/index.php/hClinica/verHClinica/11122
11121,https://estudioadb.com/hc/index.php/hClinica/verHClinica/11121
11120,https://estudioadb.com/hc/index.php/hClinica/verHClinica/11120
11119,https://estudioadb.com/hc/index.php/hClinica/verHClinica/11119
11118,https://estudioadb.com/hc/index.php/hClinica/verHClinica/11118
11117,https://estudioadb.com/hc/index.php/hClinica/verHClinica/11117
11116,https://estudioadb.com/hc/index.php/hClinica/verHClinica/11116
11115,https://estudioadb.com/hc/index.php/hClinica/verHClinica/11115
11114,https://estudioadb.com/hc/index.php/hClinica/verHClinica/11114
11113,https://estudioadb.com/hc/index.php/hClinica/verHClinica/11113
11112,https://estudioadb.com/hc/index.php/hClinica/verHClinica/11112
11111,https://estudioadb.com/hc/index.php/hClinica/verHClinica/11111
11110,https://estudioadb.com/hc/index.php/hClinica/verHClinica/11110
11109,https://estudioadb.com/hc/index.php/hClinica/verHClinica/11109
11108,https://estudioadb.com/hc/index.php/hClinica/verHClinica/11108
11107,https://estudioadb.com/hc/index.php/hClinica/verHClinica/11107
11106,https://estudioadb.com/hc/index.php/hClinica/verHClinica/11106
11105,https://estudioadb.com/hc/index.php/hClinica/verHClinica/11105
11104,https://estudioadb.com/hc/index.php/hClinica/verHClinica/11104
11103,https://estudioadb.com/hc/index.php/hClinica/verHClinica/11103
11102,https://estudioadb.com/hc/index.php/hClinica/verHClinica/11102
11101,https://estudioadb.com/hc/index.php/hClinica/verHClinica/11101
11100,https://estudioadb.com/hc/index.php/hClinica/verHClinica/11100
11099,https://estudioadb.com/hc/index.php/hClinica/verHClinica/11099
11098,https://estudioadb.com/hc/index.php/hClinica/verHClinica/11098
11097,https://estudioadb.com/hc/index.php/hClinica/verHClinica/11097
11096,https://estudioadb.com/hc/index.php/hClinica/verHClinica/11096
11095,https://estudioadb.com/hc/index.php/hClinica/verHClinica/11095
11094,https://estudioadb.com/hc/index.php/hClinica/verHClinica/11094
11093,https://estudioadb.com/hc/index.php/hClinica/verHClinica/11093
11092,https://estudioadb.com/hc/index.php/hClinica/verHClinica/11092
11091,https://estudioadb.com/hc/index.php/hClinica/verHClinica/11091
11090,https://estudioadb.com/hc/index.php/hClinica/verHClinica/11090
11129,https://estudioadb.com/hc/index.php/hClinica/verHClinica/11129
11128,https://estudioadb.com/hc/index.php/hClinica/verHClinica/11128
11127,https://estudioadb.com/hc/index.php/hClinica/verHClinica/11127
11126,https://estudioadb.com/hc/index.php/hClinica/verHClinica/11126
11125,https://estudioadb.com/hc/index.php/hClinica/verHClinica/11125
11124,https://estudioadb.com/hc/index.php/hClinica/verHClinica/11124
11123,https://estudioadb.com/hc/index.php/hClinica/verHClinica/11123
11122,https://estudioadb.com/hc/index.php/hClinica/verHClinica/11122
11121,https://estudioadb.com/hc/index.php/hClinica/verHClinica/11121
11120,https://estudioadb.com/hc/index.php/hClinica/verHClinica/11120
11119,https://estudioadb.com/hc/index.php/hClinica/verHClinica/11119
11118,https://estudioadb.com/hc/index.php/hClinica/verHClinica/11118
11117,https://estudioadb.com/hc/index.php/hClinica/verHClinica/11117
11116,https://estudioadb.com/hc/index.php/hClinica/verHClinica/11116
11115,https://estudioadb.com/hc/index.php/hClinica/verHClinica/11115
11114,https://estudioadb.com/hc/index.php/hClinica/verHClinica/11114
11113,https://estudioadb.com/hc/index.php/hClinica/verHClinica/11113
11112,https://estudioadb.com/hc/index.php/hClinica/verHClinica/11112
11111,https://estudioadb.com/hc/index.php/hClinica/verHClinica/11111
11110,https://estudioadb.com/hc/index.php/hClinica/verHClinica/11110
10969,https://estudioadb.com/hc/index.php/hClinica/verHClinica/10969
10968,https://estudioadb.com/hc/index.php/hClinica/verHClinica/10968
10967,https://estudioadb.com/hc/index.php/hClinica/verHClinica/10967
10966,https://estudioadb.com/hc/index.php/hClinica/verHClinica/10966
10965,https://estudioadb.com/hc/index.php/hClinica/verHClinica/10965
10964,https://estudioadb.com/hc/index.php/hClinica/verHClinica/10964
10963,https://estudioadb.com/hc/index.php/hClinica/verHClinica/10963
10962,https://estudioadb.com/hc/index.php/hClinica/verHClinica/10962
10961,https://estudioadb.com/hc/index.php/hClinica/verHClinica/10961
10960,https://estudioadb.com/hc/index.php/hClinica/verHClinica/10960
10959,https://estudioadb.com/hc/index.php/hClinica/verHClinica/10959
10958,https://estudioadb.com/hc/index.php/hClinica/verHClinica/10958
10957,https://estudioadb.com/hc/index.php/hClinica/verHClinica/10957
10956,https://estudioadb.com/hc/index.php/hClinica/verHClinica/10956
10955,https://estudioadb.com/hc/index.php/hClinica/verHClinica/10955
10954,https://estudioadb.com/hc/index.php/hClinica/verHClinica/10954
10953,https://estudioadb.com/hc/index.php/hClinica/verHClinica/10953
10952,https://estudioadb.com/hc/index.php/hClinica/verHClinica/10952
10951,https://estudioadb.com/hc/index.php/hClinica/verHClinica/10951
10950,https://estudioadb.com/hc/index.php/hClinica/verHClinica/10950
